,fpr,tpr,ppv,acc,npv,LR+,LR-,threshold,tpr_upper,ppv_upper,acc_upper,npv_upper,LR+_upper,LR-_upper,threshold_upper,tpr_lower,ppv_lower,acc_lower,npv_lower,LR+_lower,LR-_lower,threshold_lower,AUC,AUC_upper,AUC_lower,n_pos,n_neg,n_total,prevalence_in_data,prevalence_preset,prevalence
0,0.0,0.0,0.6545988651840384,0.9651519375522721,0.9651519375522721,43.988347786093655,1.0,inf,0.0,0.7416717685176498,0.9651519375522721,0.9651519375522721,58.46207754895164,1.0,0.04606723235408966,0.0,0.5675259618504269,0.9651519375522721,0.9651519375522721,29.514618023235673,1.0,0.04606723235408966,0.8959976000000001,0.913906183196583,0.878089016803417,625,17310,17935,0.03484806244772791,0,0.03484806244772791
10,0.01,0.27999999999999997,0.5007348032013109,0.9649623640925564,0.9744073082834401,28.0,0.7272727272727273,0.07045665248233157,0.3152008658587128,0.532289254545096,0.9664845576337717,0.9756332531341109,31.520086585871283,0.6917162971124112,0.07045665248233157,0.24479913414128712,0.4691803518575258,0.9640311936904546,0.9731953428859247,24.479913414128713,0.7628291574330432,0.07045665248233157,0.8959976000000001,0.913906183196583,0.878089016803417,625,17310,17935,0.03484806244772791,0,0.03484806244772791
20,0.02,0.3864888888888889,0.410007346955068,0.9587646749062975,0.9778853827776113,19.324444444444445,0.626031746031746,0.05014392916620474,0.42466465885453253,0.4339580178495925,0.9606476393523325,0.9792428213791131,21.233232942726627,0.5870768787198648,0.05014392916620474,0.34831311892324524,0.3860566760605436,0.9579869361208269,0.9765527686885633,17.41565594616226,0.6649866133436273,0.05014392916620474,0.8959976000000001,0.913906183196583,0.878089016803417,625,17310,17935,0.03484806244772791,0,0.03484806244772791
30,0.03,0.46592,0.35870115102294525,0.952930025090605,0.9805190888185823,15.530666666666665,0.55059793814433,0.040420755037405234,0.5050281179635223,0.3780410577438473,0.9537966308183552,0.9819089831945537,16.834270598784077,0.5102802907592554,0.040420755037405234,0.42681188203647763,0.33936124430204323,0.9510709465443433,0.9791099321612959,14.227062734549255,0.5909155855294045,0.040420755037405234,0.8959976000000001,0.913906183196583,0.878089016803417,625,17310,17935,0.03484806244772791,0,0.03484806244772791
40,0.04,0.5335384615384616,0.3246716750699214,0.9449422058287407,0.9827628034200763,13.33846153846154,0.48589743589743584,0.03335953301592369,0.5726494568862763,0.34076349276675605,0.9465015840844117,0.9841812893955225,14.316236422156909,0.44515681574346216,0.03335953301592369,0.49442746619064687,0.30857985737308674,0.9437756992678648,0.9813398713824879,12.360686654766171,0.5266380560514095,0.03335953301592369,0.8959976000000001,0.913906183196583,0.878089016803417,625,17310,17935,0.03484806244772791,0,0.03484806244772791
50,0.05,0.58496,0.2966997022211134,0.9371285196543073,0.9844718204386577,11.699200000000001,0.43688421052631576,0.02868186214589836,0.623589238272949,0.31049222251817327,0.9386252173917253,0.9858956740231365,12.47178476545898,0.3962218544495274,0.02868186214589836,0.5463307617270511,0.2829071819240536,0.9359329091764375,0.9830498242216623,10.926615234541021,0.47754656660310413,0.02868186214589836,0.8959976000000001,0.913906183196583,0.878089016803417,625,17310,17935,0.03484806244772791,0,0.03484806244772791
60,0.06,0.6230857142857144,0.2725024753954045,0.9287506471783027,0.9857281078243387,10.384761904761906,0.40097264437689967,0.02547515256744825,0.6610786872475483,0.2845994820375988,0.9302801326752004,0.9871490069494031,11.01797812079247,0.36055458803452317,0.02547515256744825,0.5850927413238804,0.26040546875321025,0.9276321696865027,0.9843130194475356,9.75154568873134,0.44139070071927616,0.02547515256744825,0.8959976000000001,0.913906183196583,0.878089016803417,625,17310,17935,0.03484806244772791,0,0.03484806244772791
70,0.07,0.6505142857142857,0.25108199675536813,0.9207057230475129,0.9866221084612381,9.293061224489795,0.3757910906298003,0.02305755693807588,0.68789531156352,0.2618941984138679,0.9215631206984778,0.9880279227083207,9.827075879478857,0.3355964391790108,0.02305755693807588,0.6131332598650514,0.24026979509686835,0.9189578080521693,0.9852025486247346,8.759046569500734,0.4159857420805899,0.02305755693807588,0.8959976000000001,0.913906183196583,0.878089016803417,625,17310,17935,0.03484806244772791,0,0.03484806244772791
80,0.08,0.6736,0.233013508904774,0.9114859213827711,0.9873586311037255,8.42,0.3547826086956522,0.021013623272224266,0.7103607358871419,0.24277199123537446,0.9126944778326994,0.9887605851004891,8.879509198589274,0.3148252870791936,0.021013623272224266,0.6368392641128581,0.22325502657417354,0.9101323969930604,0.9859476848494776,7.960490801410725,0.3947399303121108,0.021013623272224266,0.8959976000000001,0.913906183196583,0.878089016803417,625,17310,17935,0.03484806244772791,0,0.03484806244772791
90,0.09,0.6944,0.21778197796235502,0.9024254251463619,0.9880192627822673,7.715555555555556,0.3358241758241758,0.019220196332295825,0.7305151658327745,0.22664598142113634,0.9037453012905206,0.9894207013028337,8.116835175919718,0.2961371804035445,0.019220196332295825,0.6582848341672255,0.2089179745035737,0.9012282141820194,0.9866230510728804,7.314275935191395,0.37551117124480715,0.019220196332295825,0.8959976000000001,0.913906183196583,0.878089016803417,625,17310,17935,0.03484806244772791,0,0.03484806244772791
100,0.1,0.7111000000000001,0.20421504739502166,0.8933231112350154,0.9885446575417579,7.111000000000001,0.32099999999999995,0.017965450223306804,0.7466342531997641,0.2123391672555174,0.894655500878163,0.9899377242287318,7.466342531997641,0.2815174964447066,0.017965450223306804,0.6755657468002361,0.19609092753452595,0.8921789011290855,0.9871515431947103,6.755657468002361,0.36048250355529327,0.017965450223306804,0.8959976000000001,0.913906183196583,0.878089016803417,625,17310,17935,0.03484806244772791,0,0.03484806244772791
110,0.11,0.7269894736842105,0.19258484901582074,0.8837517546305128,0.9890491621983282,6.608995215311005,0.3067534003548196,0.016838594113514276,0.7619165183643631,0.20005808482484372,0.885536538833439,0.9904336210145087,6.9265138033123925,0.26750952992768184,0.016838594113514276,0.6920624290040579,0.18511161320679778,0.8831022591651819,0.9876614612204364,6.291476627309617,0.3459972707819574,0.016838594113514276,0.8959976000000001,0.913906183196583,0.878089016803417,625,17310,17935,0.03484806244772791,0,0.03484806244772791
120,0.12,0.7404631578947368,0.1821428438353408,0.874703485784436,0.9894889240696442,6.170526315789473,0.2949282296650718,0.016008158273272954,0.7748315581740551,0.1890593198693933,0.8763350835717193,0.990845936254497,6.4569296514504595,0.2558732293476646,0.016008158273272954,0.7060947576154185,0.1752263678012883,0.8739397392533949,0.9880847866642593,5.884122980128488,0.333983229982479,0.016008158273272954,0.8959976000000001,0.913906183196583,0.878089016803417,625,17310,17935,0.03484806244772791,0,0.03484806244772791
130,0.13,0.7539368421052631,0.1730932835236465,0.8656552169383593,0.9899286859409602,5.799514170040485,0.28283121597096195,0.015177722433031633,0.7877043384944926,0.17950575402781277,0.867132155648679,0.9912663620433116,6.059264142265327,0.24401800173046825,0.015177722433031633,0.7201693457160336,0.1666808130194802,0.8647786920029283,0.9885199331795137,5.539764197815643,0.3216444302114556,0.015177722433031633,0.8959976000000001,0.913906183196583,0.878089016803417,625,17310,17935,0.03484806244772791,0,0.03484806244772791
140,0.14,0.7674105263157894,0.16517503509144876,0.8566069480922825,0.9903684478122762,5.481503759398496,0.27045287637698906,0.014347286592790309,0.8005325593753846,0.17112810073479223,0.8579276749155069,0.9916950948150208,5.718089709824175,0.23193888444722724,0.014347286592790309,0.7342884932561943,0.15922196944810527,0.855619197562594,0.9889674260369717,5.244917808972816,0.30896686830675085,0.014347286592790309,0.8959976000000001,0.913906183196583,0.878089016803417,625,17310,17935,0.03484806244772791,0,0.03484806244772791
150,0.15,0.7808842105263158,0.1581884234182257,0.8475586792462059,0.9908082096835922,5.205894736842106,0.2577832817337461,0.013516850752548987,0.8133135602356811,0.1637198985758542,0.8487215486561082,0.9921323252634262,5.422090401571208,0.21963110560508103,0.013516850752548987,0.7484548608169506,0.1526569482605972,0.8464613486484859,0.9894278315156915,4.989699072113004,0.2959354578624111,0.013516850752548987,0.8959976000000001,0.913906183196583,0.878089016803417,625,17310,17935,0.03484806244772791,0,0.03484806244772791
160,0.16,0.7943578947368422,0.15197815478514404,0.8385104104001292,0.9912479715549082,4.964736842105263,0.24481203007518793,0.012686414912307663,0.8260442444494679,0.157120169201668,0.8395136689590699,0.9925782347473041,5.162776527809174,0.2070901851792049,0.012686414912307663,0.7626715450242164,0.14683614036862008,0.8373052531720176,0.9899017626787114,4.766697156401352,0.28253387497117094,0.012686414912307663,0.8959976000000001,0.913906183196583,0.878089016803417,625,17310,17935,0.03484806244772791,0,0.03484806244772791
170,0.17,0.8064390243902438,0.1462059329695859,0.8285257739669675,0.991645815436938,4.743758967001433,0.2332059947105496,0.012011417512399132,0.8374134136104425,0.15100138271256366,0.8302583431004475,0.9929769021975261,4.925961256532014,0.19588745348139455,0.012011417512399132,0.7754646351700452,0.14141048322660815,0.8280995482007961,0.9903268446677364,4.561556677470853,0.27052453593970466,0.012011417512399132,0.8959976000000001,0.913906183196583,0.878089016803417,625,17310,17935,0.03484806244772791,0,0.03484806244772791
180,0.18,0.8146341463414634,0.14043252603182899,0.8194958760292927,0.9919119679437977,4.5257452574525745,0.22605591909577638,0.01157505357828267,0.8450993618877544,0.1449475770671171,0.8208746641304627,0.9932256097237064,4.694996454931969,0.18890321721005565,0.01157505357828267,0.7841689307951724,0.1359174749965409,0.8187513566627814,0.9905859774305636,4.35649405997318,0.2632086209814971,0.01157505357828267,0.8959976000000001,0.913906183196583,0.878089016803417,625,17310,17935,0.03484806244772791,0,0.03484806244772791
190,0.19,0.8228292682926829,0.13520009240643607,0.810465978091618,0.9921781204506573,4.330680359435173,0.21872929840409522,0.011138689644166207,0.852762867359768,0.13945420564094674,0.8114902030721972,0.9934796000470943,4.48822561768299,0.18177423782744687,0.011138689644166207,0.7928956692255977,0.1309459791719254,0.8094039472130471,0.990852631430113,4.1731351011873565,0.25568435898074354,0.011138689644166207,0.8959976000000001,0.913906183196583,0.878089016803417,625,17310,17935,0.03484806244772791,0,0.03484806244772791
200,0.2,0.8310243902439025,0.13043599790054503,0.8014360801539434,0.9924442729575169,4.155121951219512,0.21121951219512186,0.010702325710049743,0.860402711707959,0.13444626963074874,0.8021049174696111,0.9937390204127128,4.3020135585397945,0.17449661036505124,0.010702325710049743,0.801646068779846,0.1264257261703413,0.8000573623076334,0.9911271498362111,4.00823034389923,0.2479424140251925,0.010702325710049743,0.8959976000000001,0.913906183196583,0.878089016803417,625,17310,17935,0.03484806244772791,0,0.03484806244772791
210,0.21,0.8397714285714286,0.1261525691848081,0.7917001871838782,0.9927300561243109,3.9989115646258506,0.20282097649186248,0.010241889690116633,0.8685294239747627,0.12992816403104174,0.7927365982706567,0.994027135477865,4.135854399879823,0.16641845066485728,0.010241889690116633,0.8110134331680945,0.1223769743385745,0.790732277431283,0.9914364922729539,3.8619687293718785,0.23922350231886771,0.010241889690116633,0.8959976000000001,0.913906183196583,0.878089016803417,625,17310,17935,0.03484806244772791,0,0.03484806244772791
220,0.22,0.8470769230769231,0.12203921769741166,0.7821320580729558,0.9929767343184583,3.85034965034965,0.1960552268244576,0.009918058281039185,0.8752936101255583,0.12560873379469034,0.783320797676525,0.9942604582194847,3.9786073187525375,0.15987998701851502,0.009918058281039185,0.8188602360282878,0.11846970160013297,0.7813542039318473,0.9916847411114043,3.722091981946763,0.2322304666304002,0.009918058281039185,0.8959976000000001,0.913906183196583,0.878089016803417,625,17310,17935,0.03484806244772791,0,0.03484806244772791
230,0.23,0.8535384615384615,0.11814642006856606,0.7728892796637431,0.9931951733477866,3.7110367892976583,0.19020979020979029,0.009660457929361327,0.8812577083924256,0.12153036361449432,0.7738771155698504,0.994462850941978,3.831555253880111,0.15421076832152525,0.009660457929361327,0.8258192146844974,0.1147624765226378,0.7719451914791086,0.9918986061016762,3.5905183247152057,0.22620881209805535,0.009660457929361327,0.8959976000000001,0.913906183196583,0.878089016803417,625,17310,17935,0.03484806244772791,0,0.03484806244772791
240,0.24,0.86,0.114547506751836,0.7636465012545304,0.993413612377115,3.5833333333333335,0.1842105263157895,0.009402857577683468,0.8872032833904019,0.11775612361048704,0.7644327879631447,0.9946697848330776,3.696680347460008,0.14841673238105016,0.009402857577683468,0.8327967166095981,0.11133888989318497,0.7625368245264008,0.9921190612479259,3.469986319206659,0.22000432025052882,0.009402857577683468,0.8959976000000001,0.913906183196583,0.878089016803417,625,17310,17935,0.03484806244772791,0,0.03484806244772791
250,0.25,0.8664615384615385,0.11121040766387791,0.7544037228453175,0.9936320514064434,3.465846153846154,0.17805128205128198,0.009145257226005609,0.8931292599840677,0.11425284529398816,0.754987777390022,0.9948813927081264,3.5725170399362707,0.1424943200212431,0.009145257226005609,0.8397938169390093,0.10816797003376764,0.7531291405401105,0.9923464262839798,3.3591752677560374,0.21360824408132087,0.009145257226005609,0.8959976000000001,0.913906183196583,0.878089016803417,625,17310,17935,0.03484806244772791,0,0.03484806244772791
260,0.26,0.8729230769230769,0.10810755522806634,0.7451609444361048,0.9938504904357717,3.357396449704142,0.17172557172557174,0.00888765687432775,0.8990344322709892,0.1109919815116376,0.7455420418271184,0.9950978082911761,3.4578247395038044,0.1364399563905551,0.00888765687432775,0.8468117215751646,0.10522312894449508,0.7437221815436007,0.9925810449032616,3.256968159904479,0.20701118706058838,0.00888765687432775,0.8959976000000001,0.913906183196583,0.878089016803417,625,17310,17935,0.03484806244772791,0,0.03484806244772791
270,0.27,0.8791578947368421,0.10519083221338854,0.7349140903555237,0.9940667276674987,3.256140350877193,0.16553713049747654,0.008647697308661013,0.904711410689792,0.10792689865095058,0.7360883541500485,0.9953090700397002,3.350783002554785,0.1305323141235726,0.008647697308661013,0.8536043787838923,0.10245476577582652,0.7343073731106736,0.9928112255901356,3.1614976991996007,0.20054194687138044,0.008647697308661013,0.8959976000000001,0.913906183196583,0.878089016803417,625,17310,17935,0.03484806244772791,0,0.03484806244772791
280,0.28,0.8838736842105264,0.10230736519942017,0.7255117162854167,0.9942370752957588,3.1566917293233083,0.16128654970760226,0.008476898599340971,0.908990727156166,0.1049173926738094,0.7265859606619796,0.9954568347875424,3.246395454129164,0.1264017678386583,0.008476898599340971,0.8587566412648867,0.09969733772503095,0.7248354000998358,0.9929667959785383,3.0669880045174525,0.19617133157654623,0.008476898599340971,0.8959976000000001,0.913906183196583,0.878089016803417,625,17310,17935,0.03484806244772791,0,0.03484806244772791
290,0.29,0.8885894736842105,0.09960597290200476,0.7161093422153098,0.9944074229240188,3.06410163339383,0.15691623424759088,0.00830609989002093,0.9132567828709057,0.10209579672963566,0.7170831050624096,0.9956081392240399,3.149161320244503,0.12217354525224547,0.00830609989002093,0.8639221644975152,0.09711614907437387,0.7153638892004989,0.9931274645974963,2.9790419465431563,0.1916589232429363,0.00830609989002093,0.8959976000000001,0.913906183196583,0.878089016803417,625,17310,17935,0.03484806244772791,0,0.03484806244772791
300,0.3,0.8933052631578947,0.09706993741042028,0.7067069681452027,0.9945777705522789,2.9776842105263155,0.15242105263157898,0.008135301180700888,0.9175088386395132,0.09944484351065866,0.7075797615918425,0.9957630986194482,3.058362795465044,0.11784451622926692,0.008135301180700888,0.8691016876762763,0.09469503131018189,0.7058928661721591,0.9932934904707866,2.8970056255875876,0.18699758903389105,0.008135301180700888,0.8959976000000001,0.913906183196583,0.878089016803417,625,17310,17935,0.03484806244772791,0,0.03484806244772791
310,0.31,0.8980210526315789,0.09468452675343464,0.6973045940750957,0.9947481181805389,2.8968421052631577,0.1477955758962624,0.007964502471380844,0.9217460735394782,0.09694930157392245,0.6980759016427195,0.9959218307199915,2.9733744307725103,0.1134114876239446,0.007964502471380844,0.8742960317236796,0.09241975193294681,0.6964223596223752,0.9934651520880062,2.8203097797538055,0.18217966416858025,0.007964502471380844,0.8959976000000001,0.913906183196583,0.878089016803417,625,17310,17935,0.03484806244772791,0,0.03484806244772791
320,0.32,0.9027368421052632,0.09243670851075661,0.6879022200049888,0.994918465808799,2.8210526315789473,0.14303405572755418,0.007793703762060802,0.9259675716562175,0.09459568148210358,0.6885714932971918,0.9960844552273436,2.8936486614256793,0.1088712181526214,0.007793703762060802,0.8795061125543089,0.09027773553940965,0.6869524014689959,0.993642749556831,2.748456601732215,0.17719689330248695,0.007793703762060802,0.8959976000000001,0.913906183196583,0.878089016803417,625,17310,17935,0.03484806244772791,0,0.03484806244772791
330,0.33,0.9074526315789474,0.09031491159520312,0.6784998459348818,0.995088813437059,2.7498564593301436,0.13813040062843673,0.007622905052740761,0.930172305900169,0.09237199093328892,0.6790665007631784,0.9962510930737465,2.818703957273239,0.1042204389549717,0.007622905052740761,0.8847329572577258,0.08825783225711732,0.6774830275041025,0.9938266071074511,2.681008961387048,0.17204036230190176,0.007622905052740761,0.8959976000000001,0.913906183196583,0.878089016803417,625,17310,17935,0.03484806244772791,0,0.03484806244772791
340,0.34,0.9121684210526315,0.08830882701051476,0.6690974718647748,0.9952591610653191,2.682848297213622,0.1330781499202553,0.007452106343420718,0.9343591180777059,0.09026752948378441,0.6695608836798753,0.9964218654256387,2.748115053169723,0.09945588170044564,0.007452106343420718,0.8899777240275571,0.0863501245372451,0.6680142780884986,0.9940170760321734,2.617581541257521,0.16670041814006495,0.007452106343420718,0.8959976000000001,0.913906183196583,0.878089016803417,625,17310,17935,0.03484806244772791,0,0.03484806244772791
350,0.35,0.9168842105263157,0.08640924034246766,0.6596950977946678,0.995429508693579,2.6196691729323307,0.1278704453441296,0.007281307634100676,0.938526694095869,0.08827271543115102,0.6600545962536895,0.9965968923240821,2.6815048402739117,0.09457431677558618,0.007281307634100676,0.8952417269567625,0.08454576525378432,0.6585461990157779,0.9942145381697362,2.55783350559075,0.16116657391267306,0.007281307634100676,0.8959976000000001,0.913906183196583,0.878089016803417,625,17310,17935,0.03484806244772791,0,0.03484806244772791
360,0.36,0.9219999999999999,0.08464152180753715,0.6493814468915527,0.9956164539513495,2.561111111111111,0.12187500000000011,0.007098963180386881,0.9430242660770468,0.08640830025093328,0.6505598085474299,0.9967959508553011,2.619511850214019,0.08902458425461435,0.007098963180386881,0.900975733922953,0.08287474336414101,0.6490944986730887,0.9944444744818778,2.502710372008203,0.15472541574538587,0.007098963180386881,0.8959976000000001,0.913906183196583,0.878089016803417,625,17310,17935,0.03484806244772791,0,0.03484806244772791
370,0.37,0.9259999999999999,0.08287141652971444,0.640268678561472,0.9957824302464527,2.5027027027027025,0.11746031746031756,0.0069835057364493495,0.9465224608360399,0.08455591124900448,0.6410301944813229,0.9969444824075081,2.558168813070378,0.08488498279993673,0.0069835057364493495,0.90547753916396,0.08118692181042439,0.6395998584877322,0.9946119564739813,2.447236592335027,0.1500356521206984,0.0069835057364493495,0.8959976000000001,0.913906183196583,0.878089016803417,625,17310,17935,0.03484806244772791,0,0.03484806244772791
380,0.38,0.93,0.08118813810735528,0.6311559102313911,0.995948406541556,2.447368421052632,0.11290322580645154,0.006868048292511819,0.9500031585196814,0.08279267531229188,0.6314999706760414,0.9970968386849701,2.5000083118938985,0.08064006690373964,0.006868048292511819,0.9099968414803187,0.0795836009024187,0.63010582804155,0.9947859086539963,2.394728530211365,0.14516638470916343,0.006868048292511819,0.8959976000000001,0.913906183196583,0.878089016803417,625,17310,17935,0.03484806244772791,0,0.03484806244772791
390,0.39,0.934,0.07958545090345417,0.6220431419013103,0.9961143828366593,2.394871794871795,0.10819672131147534,0.006752590848574288,0.9534649587738734,0.08111209423792118,0.6219690883319582,0.9972531267245189,2.444781945574034,0.07628695282971577,0.006752590848574288,0.9145350412261267,0.07805880756898717,0.6206124561341694,0.9949667353857621,2.3449616441695555,0.1401064897932349,0.006752590848574288,0.8959976000000001,0.913906183196583,0.878089016803417,625,17310,17935,0.03484806244772791,0,0.03484806244772791
400,0.4,0.9368000000000001,0.07796558316153855,0.6118204627822692,0.9962130967457103,2.342,0.10533333333333321,0.006659474933252706,0.9558761207372107,0.07942946556544977,0.6124015932791055,0.9973517818694796,2.389690301843027,0.07353979877131545,0.006659474933252706,0.9177238792627894,0.07650170075762733,0.6110720615856841,0.9950732496371608,2.2943096981569733,0.13712686789535097,0.006659474933252706,0.8959976000000001,0.913906183196583,0.878089016803417,625,17310,17935,0.03484806244772791,0,0.03484806244772791
410,0.41,0.9394212765957447,0.07640599532437331,0.6015635658316971,0.996303832848797,2.291271406331085,0.10267580238009372,0.006571390832780949,0.9581237194724885,0.07781093809847786,0.6028283983646672,0.9974438431917027,2.3368871206646062,0.07097674665679908,0.006571390832780949,0.9207188337190009,0.07500105255026877,0.6015249105700795,0.9951716475689416,2.2456556919975634,0.13437485810338834,0.006571390832780949,0.8959976000000001,0.913906183196583,0.878089016803417,625,17310,17935,0.03484806244772791,0,0.03484806244772791
420,0.42,0.9416340425531915,0.07488568720828806,0.5921086191863051,0.9963900310842573,2.241985815602837,0.10063096111518706,0.0065062515373416775,0.9600133424793185,0.0762379232164053,0.5932427286896892,0.9975169221785892,2.2857460535221867,0.0689425129666923,0.0065062515373416775,0.9232547426270645,0.07353345120017082,0.5919617627065469,0.9952451527051384,2.198225577683487,0.13231940926368183,0.0065062515373416775,0.8959976000000001,0.913906183196583,0.878089016803417,625,17310,17935,0.03484806244772791,0,0.03484806244772791
430,0.43,0.9438468085106383,0.07343141783132827,0.582653672540913,0.9964762293197177,2.1949925779317168,0.0985143710339679,0.006441112241902406,0.9618955140872678,0.07473253029876648,0.5836567993478976,0.9975921068858203,2.2369663118308556,0.06684997528549506,0.006441112241902406,0.9257981029340088,0.07213030536389006,0.5823988745098275,0.9953217160044323,2.1530188440325784,0.13017876678244075,0.006441112241902406,0.8959976000000001,0.913906183196583,0.878089016803417,625,17310,17935,0.03484806244772791,0,0.03484806244772791
440,0.44,0.9460595744680851,0.072038975780475,0.573198725895521,0.996562427555178,2.150135396518375,0.09632218844984805,0.006375972946463134,0.9637698170189326,0.07329042566733356,0.5740705957979835,0.9976694837347363,2.1903859477703014,0.06469675532333463,0.006375972946463134,0.9283493319172376,0.07078752589361645,0.5728362605212308,0.9954015288083298,2.109884845266449,0.12794762157636147,0.006375972946463134,0.8959976000000001,0.913906183196583,0.878089016803417,625,17310,17935,0.03484806244772791,0,0.03484806244772791
450,0.45,0.9482723404255319,0.07070450028350261,0.563743779250129,0.9966486257906383,2.107271867612293,0.09405029013539658,0.0063108336510238625,0.9656357911317857,0.07190763266086536,0.5644841020048713,0.9977491426437757,2.1458573136261903,0.062480379760389705,0.0063108336510238625,0.9309088897192781,0.06950136790613988,0.5632739367758322,0.9954847992458723,2.0686864215983958,0.12562020051040346,0.0063108336510238625,0.8959976000000001,0.913906183196583,0.878089016803417,625,17310,17935,0.03484806244772791,0,0.03484806244772791
460,0.46,0.9504851063829787,0.06942444546013937,0.5542888326047369,0.9967348240260987,2.0662719703977794,0.09169424743892837,0.006245694355584591,0.9674929269561098,0.07058049486017655,0.5548973002145285,0.9978311769212794,2.1032454933828473,0.06019828341461152,0.006245694355584591,0.9334772858098476,0.06826839606010221,0.5537119210276641,0.9955717542269622,2.029298447412712,0.12319021146324524,0.006245694355584591,0.8959976000000001,0.913906183196583,0.878089016803417,625,17310,17935,0.03484806244772791,0,0.03484806244772791
470,0.47,0.9526978723404256,0.06819554885948399,0.5448338859593449,0.996821022261559,2.02701674966048,0.08924929747089513,0.006180555060145319,0.9693406579206042,0.06930564362411885,0.5453101706830432,0.9979156830566619,2.0624269317459665,0.05784781524414302,0.006180555060145319,0.936055086760247,0.06708545409484913,0.5441502330206387,0.9956626417517631,1.9916065675749937,0.12065077969764725,0.006180555060145319,0.8959976000000001,0.913906183196583,0.878089016803417,625,17310,17935,0.03484806244772791,0,0.03484806244772791
480,0.48,0.9549106382978724,0.06701480369585033,0.5353789393139529,0.9969072204970194,1.9893971631205676,0.08671031096563005,0.0061154157647060475,0.9711783509240669,0.06807996932359493,0.5357226913480648,0.9980027603724873,2.023288231091806,0.05542624822294826,0.0061154157647060475,0.9386429256716778,0.06594963806810572,0.5345888948171061,0.9957577336026266,1.9555060951493288,0.11799437370831184,0.0061154157647060475,0.8959976000000001,0.913906183196583,0.878089016803417,625,17310,17935,0.03484806244772791,0,0.03484806244772791
490,0.49,0.9571234042553192,0.06587943428557617,0.5259239926685608,0.9969934187324797,1.9533130699088148,0.08407175636211928,0.006050276469266776,0.9730052948011502,0.06690059574752262,0.5261348374268592,0.9980925104862771,1.9857250914309188,0.052930794507548694,0.006050276469266776,0.9412415137094882,0.06485827282362973,0.525027931199801,0.9958573285032901,1.9209010483867106,0.11521271821668987,0.006050276469266776,0.8959976000000001,0.913906183196583,0.878089016803417,625,17310,17935,0.03484806244772791,0,0.03484806244772791
500,0.5,0.959336170212766,0.06478687426236086,0.5164690460231688,0.99707961696794,1.918672340425532,0.08132765957446808,0.005985137173827504,0.9748206860764191,0.06576485722397638,0.516546580919864,0.9981850365115437,1.9496413721528383,0.05035862784716172,0.005985137173827504,0.9438516543491128,0.06380889130074535,0.5154673701682853,0.995961755854795,1.8877033086982256,0.11229669130177444,0.005985137173827504,0.8959976000000001,0.913906183196583,0.878089016803417,625,17310,17935,0.03484806244772791,0,0.03484806244772791
510,0.51,0.9611636363636363,0.06371082594643954,0.5061036909378142,0.9971466226012679,1.8846345811051692,0.07925788497217076,0.005923504153990514,0.9763106155164368,0.06465089199270989,0.5069469826985098,0.9982574581800354,1.9143345402283074,0.048345682619516675,0.005923504153990514,0.9460166572108358,0.06277075990016918,0.5058912969476873,0.9960379265832425,1.854934621982031,0.11017008732482483,0.005923504153990514,0.8959976000000001,0.913906183196583,0.878089016803417,625,17310,17935,0.03484806244772791,0,0.03484806244772791
520,0.52,0.9626181818181818,0.06265106554494321,0.496692602073143,0.9971980553046299,1.8511888111888113,0.07787878787878788,0.005870890114984004,0.9774900429989318,0.06355835758757913,0.49733656408554966,0.9983096305380166,1.879788544228715,0.046895743752225355,0.005870890114984004,0.9477463206374318,0.061743773502307274,0.4963000529912682,0.9960847914777248,1.8225890781489074,0.1088618320053504,0.005870890114984004,0.8959976000000001,0.913906183196583,0.878089016803417,625,17310,17935,0.03484806244772791,0,0.03484806244772791
530,0.53,0.9640727272727273,0.061629027053602625,0.4872815132084717,0.9972494880079921,1.8190051457975986,0.07644100580270786,0.005818276075977494,0.9786633929489391,0.06250427467374356,0.48772593368235784,0.998363563442047,1.8465347036772435,0.04539703627885295,0.005818276075977494,0.9494820615965155,0.06075377943346169,0.4867090208250807,0.9961341186034072,1.7914755879179536,0.10748497532656279,0.005818276075977494,0.8959976000000001,0.913906183196583,0.878089016803417,625,17310,17935,0.03484806244772791,0,0.03484806244772791
540,0.54,0.9655550561797752,0.06064437143912109,0.47689628276892526,0.997304487704915,1.7880649188514355,0.07488031265266257,0.005766908689262168,0.9798525311170244,0.061487916461973866,0.47811585346797547,0.9984210828044616,1.8145417242907858,0.04379884539777301,0.005766908689262168,0.951257581242526,0.05980082641626832,0.47711937486905925,0.9961886941379752,1.7615881134120852,0.10596177990755214,0.005766908689262168,0.8959976000000001,0.913906183196583,0.878089016803417,625,17310,17935,0.03484806244772791,0,0.03484806244772791
550,0.55,0.9668134831460674,0.05968056195674584,0.4674301394235739,0.997353293280318,1.7578426966292133,0.07374781523096133,0.005725141410575382,0.9808564951769662,0.060495699749697984,0.46849932029470887,0.9984663533081239,1.783375445776302,0.04254112182896409,0.005725141410575382,0.9527704711151687,0.05886542416379371,0.4675205767742949,0.9962247875841685,1.7323099474821246,0.10495450863295855,0.005725141410575382,0.8959976000000001,0.913906183196583,0.878089016803417,625,17310,17935,0.03484806244772791,0,0.03484806244772791
560,0.56,0.9680719101123595,0.05874929806230483,0.4579639960782226,0.9974020988557211,1.7286998394863562,0.07256384065372844,0.005683374131888596,0.9818550562364075,0.059536622270667965,0.4588825988373434,0.9985132438998605,1.753312600422156,0.04123850855361943,0.005683374131888596,0.9542887639883115,0.057961973853941695,0.45792196696362947,0.9962629644993096,1.7040870785505562,0.10388917275383745,0.005683374131888596,0.8959976000000001,0.913906183196583,0.878089016803417,625,17310,17935,0.03484806244772791,0,0.03484806244772791
570,0.57,0.9693303370786517,0.05784895864062618,0.44849785273287124,0.9974509044311242,1.7005795387344769,0.0713247974915077,0.00564160685320181,0.9828479026920285,0.05860901773946433,0.4492656782371073,0.998561841700181,1.724294566126366,0.03988859839063143,0.00564160685320181,0.9558127714652749,0.05708889954178803,0.44832355629583487,0.9963033965217017,1.6768645113425877,0.10276099659238398,0.00564160685320181,0.8959976000000001,0.913906183196583,0.878089016803417,625,17310,17935,0.03484806244772791,0,0.03484806244772791
580,0.58,0.9705887640449438,0.05697802848328194,0.4390317093875199,0.9974997100065273,1.6734289035257652,0.07002675227394341,0.005599839574515025,0.9838346908152846,0.057711326762800615,0.4396485465157265,0.9986122393808602,1.696266708302215,0.03848883139217945,0.005599839574515025,0.9573428372746029,0.05624473020376326,0.4387253567491847,0.9963462744182843,1.6505910987493155,0.10156467315570737,0.005599839574515025,0.8959976000000001,0.913906183196583,0.878089016803417,625,17310,17935,0.03484806244772791,0,0.03484806244772791
590,0.59,0.971847191011236,0.05613508977900168,0.4295655660421685,0.9975485155819303,1.6471986288326035,0.06866538777747327,0.0055580722958282385,0.9848150398982609,0.056842087993092275,0.43003119040626786,0.9986645354154069,1.6691780337258662,0.03703648805302216,0.0055580722958282385,0.958879342124211,0.05542809156491108,0.42912738159061237,0.9963918108484332,1.6252192239393408,0.10029428750192439,0.0055580722958282385,0.8959976000000001,0.913906183196583,0.878089016803417,625,17310,17935,0.03484806244772791,0,0.03484806244772791
600,0.6,0.973105617977528,0.05531881441160315,0.42009942269681716,0.9975973211573333,1.6218426966292134,0.06723595505617991,0.005516305017141452,0.9857885264123624,0.05599993006649102,0.42041359514958054,0.9987188342779807,1.6429808773539374,0.03552868396909409,0.005516305017141452,0.9604227095426937,0.054637698756715286,0.4195296455792687,0.996440243632151,1.6007045159044895,0.09894322614326573,0.005516305017141452,0.8959976000000001,0.913906183196583,0.878089016803417,625,17310,17935,0.03484806244772791,0,0.03484806244772791
610,0.61,0.9743640449438202,0.05452795697743097,0.4106332793514658,0.9976461267327364,1.5973181064652793,0.06573321809276864,0.005474537738454667,0.9867546769226284,0.055183564226187476,0.4107957442473735,0.9987752465576499,1.6176306179059483,0.03396236686505534,0.005474537738454667,0.961973412965012,0.05387234972867447,0.40993216521344483,0.9964918396371578,1.57700559502461,0.09750406932048195,0.005474537738454667,0.8959976000000001,0.913906183196583,0.878089016803417,625,17310,17935,0.03484806244772791,0,0.03484806244772791
620,0.62,0.9756224719101123,0.05376134844508837,0.4011671360061145,0.9976949323081395,1.5735846321130844,0.06415138971023077,0.005432770459767881,0.9877129594172533,0.05439177753953712,0.401177619160066,0.9988338889399925,1.5930854184149248,0.03233431732301752,0.005432770459767881,0.9635319844029713,0.05313091935063963,0.40033495903272137,0.9965468994314555,1.554083845811244,0.09596846209744402,0.005432770459767881,0.8959976000000001,0.913906183196583,0.878089016803417,625,17310,17935,0.03484806244772791,0,0.03484806244772791
630,0.63,0.9767111111111111,0.05300916118543422,0.39072452993835766,0.9977355672270927,1.5503350970017635,0.062942942942943,0.0053951981514550025,0.9885351413285947,0.053616875277857995,0.3915547512311331,0.9988824568093874,1.5691033989342773,0.030986104517311736,0.0053951981514550025,0.9648870808936275,0.05240144709301045,0.3907306621443277,0.9965852209854611,1.53156679506925,0.09489978136857428,0.0053951981514550025,0.8959976000000001,0.913906183196583,0.878089016803417,625,17310,17935,0.03484806244772791,0,0.03484806244772791
640,0.64,0.9776,0.05226921290782047,0.3812210761081684,0.997768058785008,1.5275,0.06222222222222215,0.005363895495571449,0.9892014610945813,0.05285708856090076,0.3819264518084256,0.9989181293444847,1.5456272829602833,0.029995941403940858,0.005363895495571449,0.9659985389054188,0.05168133725474018,0.38111787492700794,0.996601404146818,1.5093727170397169,0.09444850304050345,0.005363895495571449,0.8959976000000001,0.913906183196583,0.878089016803417,625,17310,17935,0.03484806244772791,0,0.03484806244772791
650,0.65,0.9784888888888889,0.051550927364620885,0.3717176222779791,0.9978005503429233,1.5053675213675213,0.06146031746031757,0.005332592839687895,0.9898629996562714,0.05211927613229588,0.3722979857700123,0.9989553508773611,1.5228661533173407,0.028962858124938724,0.005332592839687895,0.9671147781215063,0.050982578596945896,0.371505254325394,0.9966190025350039,1.487868889417702,0.09395777679569642,0.005332592839687895,0.8959976000000001,0.913906183196583,0.878089016803417,625,17310,17935,0.03484806244772791,0,0.03484806244772791
660,0.66,0.9793777777777778,0.050853366981171225,0.36221416844778986,0.9978330419008385,1.4839057239057238,0.06065359477124179,0.005301290183804342,0.9905194643306647,0.051402473282936546,0.36266934291645747,0.9989942271973438,1.5007870671676737,0.027883928439221373,0.005301290183804342,0.9682360912248908,0.050304260679405896,0.3618928105389214,0.9966381720043098,1.467024380643774,0.09342326110326221,0.005301290183804342,0.8959976000000001,0.913906183196583,0.878089016803417,625,17310,17935,0.03484806244772791,0,0.03484806244772791
670,0.67,0.9802666666666666,0.050175647518382216,0.3527107146176006,0.9978655334587538,1.4630845771144276,0.05979797979797995,0.005269987527920788,0.9911705306612038,0.05070576855410181,0.353040511941079,0.999034873454699,1.4793590009868711,0.026755967693321964,0.005269987527920788,0.9693628026721295,0.04964552648266263,0.3522805548742727,0.9966590907742213,1.4468101532419841,0.09283999190263793,0.005269987527920788,0.8959976000000001,0.913906183196583,0.878089016803417,625,17310,17935,0.03484806244772791,0,0.03484806244772791
680,0.68,0.9811555555555556,0.04951693433330692,0.3432072607874114,0.9978980250166691,1.442875816993464,0.058888888888888886,0.005238684872037235,0.9918158373555097,0.05002829976169281,0.3434114802535374,0.999077415053253,1.4585527019933966,0.025575508264032158,0.005238684872037235,0.9704952737556014,0.049005568904921026,0.342668499921787,0.9966819634958932,1.4271989319935314,0.09220226951374562,0.005238684872037235,0.8959976000000001,0.913906183196583,0.878089016803417,625,17310,17935,0.03484806244772791,0,0.03484806244772791
690,0.69,0.9820444444444444,0.048876438949969896,0.33370380695722207,0.9979305165745844,1.4232528180354267,0.057921146953405195,0.005207382216153682,0.9924549801353678,0.049369250297836675,0.3337822337655203,0.9991219885891179,1.4383405509208231,0.024338773756878013,0.005207382216153682,0.971633908753521,0.048383627602103116,0.33305665976977705,0.9967070262327244,1.4081650851500305,0.09150352014993238,0.005207382216153682,0.8959976000000001,0.913906183196583,0.878089016803417,625,17310,17935,0.03484806244772791,0,0.03484806244772791
700,0.7,0.9829333333333333,0.048253415910835304,0.3242003531270328,0.9979630081324997,1.4041904761904762,0.056888888888888905,0.005176079560270128,0.9930875041987479,0.048727845669211095,0.3241527566280579,0.9991687428101028,1.41869643456964,0.023041652670840275,0.005176079560270128,0.9727791624679187,0.047778986152459506,0.32344505026721215,0.9967345526045807,1.3896845178113126,0.09073612510693754,0.005176079560270128,0.8959976000000001,0.913906183196583,0.878089016803417,625,17310,17935,0.03484806244772791,0,0.03484806244772791
710,0.71,0.9838222222222222,0.04764715988247921,0.3146968992968435,0.997995499690415,1.3856651017214396,0.05578544061302705,0.0051447769043865745,0.9937128948904772,0.048103350231003816,0.3145230309064148,0.9992178395505183,1.399595626606306,0.02167967279145791,0.0051447769043865745,0.9739315495539671,0.0471909695339546,0.31383368934882805,0.9967648614269636,1.3717345768365734,0.08989120843459619,0.0051447769043865745,0.8959976000000001,0.913906183196583,0.878089016803417,625,17310,17935,0.03484806244772791,0,0.03484806244772791
720,0.72,0.9846545454545454,0.047054426302663446,0.3043338317662265,0.9980244966997205,1.3675757575757577,0.05480519480519482,0.005117636594657373,0.9942915021168091,0.04749328676994359,0.3048916748716479,0.9992644246135783,1.3809604196066794,0.020387492439967656,0.005117636594657373,0.9750175887922818,0.0466155658353833,0.30422001633650275,0.9967888363717425,1.354191095544836,0.08922289717042199,0.005117636594657373,0.8959976000000001,0.913906183196583,0.878089016803417,625,17310,17935,0.03484806244772791,0,0.03484806244772791
730,0.73,0.9853818181818182,0.046472497990573736,0.2949311909166941,0.9980494952527453,1.3498381070983811,0.05414141414141389,0.005094436840710161,0.994791112088626,0.0468956374095783,0.2952575659356226,0.9993039157831707,1.362727550806337,0.019292177449533227,0.005094436840710161,0.9759725242750105,0.046049358571569166,0.2946017746123157,0.996797168228285,1.3369486633904253,0.08899065083329456,0.005094436840710161,0.8959976000000001,0.913906183196583,0.878089016803417,625,17310,17935,0.03484806244772791,0,0.03484806244772791
740,0.74,0.986069109947644,0.0459038383373946,0.28447608218742204,0.998076279656043,1.332525824253573,0.053580346355215525,0.005070968308423162,0.9952577489955007,0.04631195717341892,0.2856223079521711,0.9993418752483371,1.344942904047974,0.018239426940382,0.005070968308423162,0.9768804708997872,0.04549571950137028,0.2849818954174724,0.996799657450187,1.320108744459172,0.08892126577004905,0.005070968308423162,0.8959976000000001,0.913906183196583,0.878089016803417,625,17310,17935,0.03484806244772791,0,0.03484806244772791
750,0.75,0.9866554973821989,0.045345262575093914,0.2749331865944065,0.9981003857027806,1.3155406631762652,0.053378010471204274,0.005050332550794619,0.9956513441241475,0.04573995275760004,0.27598450460427054,0.9993723387647121,1.3275351254988632,0.017394623503410145,0.005050332550794619,0.9776596506402504,0.0449505723925878,0.27535752894620336,0.9967838677294572,1.3035462008536671,0.0893613974389984,0.005050332550794619,0.8959976000000001,0.913906183196583,0.878089016803417,625,17310,17935,0.03484806244772791,0,0.03484806244772791
760,0.76,0.987241884816754,0.04480075714836464,0.265390291001391,0.9981244917495182,1.2990024800220448,0.05315881326352495,0.005029696793166076,0.9960404757733071,0.045182148073343024,0.2663465457127581,0.9994046723034229,1.3105795733859305,0.016498017611220328,0.005029696793166076,0.9784432938602009,0.044419366223386256,0.26573331801854616,0.9967674299272061,1.287425386658159,0.08981960891582957,0.005029696793166076,0.8959976000000001,0.913906183196583,0.878089016803417,625,17310,17935,0.03484806244772791,0,0.03484806244772791
770,0.77,0.987828272251309,0.04426979702895267,0.25584739540837553,0.9981485977962559,1.2828938600666349,0.05292055542909139,0.0050090610355375325,0.9964248366929993,0.04463800035268236,0.2567084205705673,0.9994390717389948,1.2940582294714276,0.015544188291307371,0.0050090610355375325,0.9792317078096187,0.043901593705222994,0.2561092733415674,0.9967503074332464,1.2717294906618424,0.09029692256687541,0.0050090610355375325,0.8959976000000001,0.913906183196583,0.878089016803417,625,17310,17935,0.03484806244772791,0,0.03484806244772791
780,0.78,0.988414659685864,0.04375188298929911,0.24630449981536,0.9981727038429935,1.2671982816485436,0.052660637791527506,0.0049884252779089895,0.9968040822370778,0.04410699187695933,0.24707011716744764,0.999475762443083,1.2779539515859972,0.014526898922373467,0.0049884252779089895,0.9800252371346501,0.043396774101638884,0.2464854069255175,0.9967324630747278,1.2564426117110898,0.09079437666068155,0.0049884252779089895,0.8959976000000001,0.913906183196583,0.878089016803417,625,17310,17935,0.03484806244772791,0,0.03484806244772791
790,0.79,0.9890010471204189,0.043246540036916185,0.23676160422234452,0.9981968098897311,1.2519000596460998,0.05237596609324325,0.0049677895202804466,0.9971778236520836,0.043588628174303465,0.23743162195609435,0.9995150051568491,1.2622504096861817,0.013438934990077964,0.0049677895202804466,0.9808242705887542,0.042904451899528906,0.2368617323177012,0.9967138601272594,1.241549709606018,0.09131299719640854,0.0049677895202804466,0.8959976000000001,0.913906183196583,0.878089016803417,625,17310,17935,0.03484806244772791,0,0.03484806244772791
800,0.8,0.9895874345549739,0.04275331596140161,0.22721870862932902,0.9982209159364688,1.2369842931937174,0.052062827225130566,0.004947153762651903,0.9975456197323892,0.04308243627849581,0.22779291956134612,0.9995571033306678,1.2469320246654865,0.012271901338054007,0.004947153762651903,0.9816292493775586,0.04242419564430741,0.2272382648932798,0.99669446392196,1.227036561721948,0.09185375311220713,0.004947153762651903,0.8959976000000001,0.913906183196583,0.878089016803417,625,17310,17935,0.03484806244772791,0,0.03484806244772791
810,0.81,0.9901738219895289,0.0422717799847488,0.2176758130363135,0.9982450219832064,1.2224368172710234,0.05171672637090076,0.00492651800502336,0.997906966327414,0.04258796302292367,0.2181539924145321,0.9996024123741416,1.2319839090461902,0.01101596669782081,0.00492651800502336,0.9824406776516437,0.04195559694657393,0.21761502222092427,0.9966742443649267,1.2128897254958564,0.09241748604398071,0.00492651800502336,0.8959976000000001,0.913906183196583,0.878089016803417,625,17310,17935,0.03484806244772791,0,0.03484806244772791
820,0.82,0.9907602094240838,0.04180152150648596,0.208132917443298,0.998269128029944,1.2082441578342484,0.05133216986620095,0.004905882247394817,0.9982612829836741,0.04210477333752601,0.2085148202879731,0.9996513514155475,1.2173918085166757,0.009659538979588251,0.004905882247394817,0.9832591358644935,0.04149826967544591,0.2079920245283139,0.9966531798666539,1.1990965071518214,0.09300480075281364,0.004905882247394817,0.8959976000000001,0.913906183196583,0.878089016803417,625,17310,17935,0.03484806244772791,0,0.03484806244772791
830,0.83,0.9913465968586388,0.04134214893596083,0.19859002185028252,0.9982932340766817,1.194393490191131,0.05090237141977178,0.004885246489766273,0.9986078957028874,0.04163244850745691,0.19887537969413466,0.9997044183877307,1.203142043015527,0.008188848806544479,0.004885246489766273,0.9840852980143902,0.04105184936446475,0.1983692953029827,0.9966312634766176,1.1856449373667353,0.09361589403299908,0.004885246489766273,0.8959976000000001,0.913906183196583,0.878089016803417,625,17310,17935,0.03484806244772791,0,0.03484806244772791
840,0.84,0.9919329842931938,0.04089328860479137,0.189047126257267,0.9983173401234193,1.1808726003490402,0.050418848167538964,0.00486461073213773,0.9989460143393203,0.04117058433773813,0.1892356430979691,0.9997622095625341,1.189221445642048,0.006587410379248203,0.00486461073213773,0.9849199542470672,0.04061599287184461,0.18874686207997868,0.9966085125183828,1.1725237550560326,0.09425028595582972,0.00486461073213773,0.8959976000000001,0.913906183196583,0.878089016803417,625,17310,17935,0.03484806244772791,0,0.03484806244772791
850,0.85,0.9925193717277487,0.04045458375313403,0.1795042306642515,0.998341446170157,1.1676698490914692,0.04987085514834177,0.004843974974509187,0.9992747024460441,0.04071878914513362,0.17959557786611532,0.9998254450823942,1.175617296995346,0.004835317026372631,0.004843974974509187,0.9857640410094534,0.04019037836113444,0.17912475749266288,0.9965849838818754,1.1597224011875922,0.0949063932703109,0.004843974974509187,0.8959976000000001,0.913906183196583,0.878089016803417,625,17310,17935,0.03484806244772791,0,0.03484806244772791
860,0.86,0.9931057591623037,0.04002569358398975,0.169961335071236,0.9983655522168946,1.1547741385608181,0.0492445774121164,0.004823339216880643,0.9995928362361868,0.04027668146102773,0.1699551448367782,0.9998950026273293,1.1623172514374265,0.0029083125986658787,0.004823339216880643,0.9866186820884206,0.039774705706951775,0.16950302070283038,0.9965607986545212,1.14723102568421,0.09558084222556693,0.004823339216880643,0.8959976000000001,0.913906183196583,0.878089016803417,625,17310,17935,0.03484806244772791,0,0.03484806244772791
870,0.87,0.9936921465968587,0.039606292380278935,0.16041843947822051,0.9983896582636322,1.1421748811458146,0.04852194925493329,0.0048027034592521,0.9998990474317955,0.0398438872665138,0.16031429632812225,0.9999719621445722,1.149309249921604,0.0007765582169578959,0.0048027034592521,0.9874852457619219,0.03936869749404408,0.15988169939231678,0.9965361825606311,1.1350405123700251,0.09626734029290869,0.0048027034592521,0.8959976000000001,0.913906183196583,0.878089016803417,625,17310,17935,0.03484806244772791,0,0.03484806244772791
880,0.88,0.9942785340314136,0.03919606867987818,0.15087554388520502,0.9984137643103699,1.1298619704902428,0.048477389397376856,0.004782067701623557,1.0001916415181977,0.03942003647268855,0.15067297328959428,1.000057665538137,1.1365814108161338,0.0,0.004782067701623557,0.9883654265446296,0.03897210088706781,0.15026085261167516,0.9965115339636818,1.1231425301643518,0.09695477879475371,0.004782067701623557,0.8959976000000001,0.913906183196583,0.878089016803417,625,17310,17935,0.03484806244772791,0,0.03484806244772791
890,0.89,0.9948649214659686,0.038794724504227426,0.1413326482921895,0.9984378703571075,1.1178257544561445,0.04881197338792594,0.004761431943995014,1.000468477077281,0.039004758164005775,0.14103110109692224,1.0001537961265299,1.1241218843564955,0.0,0.004761431943995014,0.9892613658546563,0.03858469084444908,0.14064055498517758,0.9964875416403848,1.1115296245557935,0.09762394677585189,0.004761431943995014,0.8959976000000001,0.913906183196583,0.878089016803417,625,17310,17935,0.03484806244772791,0,0.03484806244772791
900,0.9,0.9954513089005236,0.0384019746364927,0.131789752699174,0.9984619764038452,1.1060570098894704,0.04912081510328349,0.00474079618636647,1.0007267808217037,0.03859767375233963,0.13138858310641563,1.0002624825205682,1.1119186453574486,0.0,0.00474079618636647,0.9901758369793433,0.03820627552064576,0.1310209031565146,0.9964653962675565,1.1001953744214925,0.09824163020656698,0.00474079618636647,0.8959976000000001,0.913906183196583,0.878089016803417,625,17310,17935,0.03484806244772791,0,0.03484806244772791
910,0.91,0.9960376963350785,0.038017545945609466,0.12224685710615851,0.9984860824505828,1.0945469190495367,0.04937476691042363,0.004720160428737927,1.0009628507140333,0.03819838644243991,0.12174529030924285,1.0003864267544893,1.099959176608828,0.0,0.004720160428737927,0.9911125419561237,0.037836705448779026,0.12140202613451781,0.9964471874912674,1.0891346614902457,0.09874953382084727,0.004720160428737927,0.8959976000000001,0.913906183196583,0.878089016803417,625,17310,17935,0.03484806244772791,0,0.03484806244772791
920,0.92,0.9966240837696335,0.037641176752840205,0.11270396151314299,0.9985101884973204,1.0832870475756886,0.0495211481922227,0.004699524671109384,1.0011715512500228,0.037806463782919505,0.11210104374303115,1.0005290344458537,1.0882299470108943,0.0,0.004699524671109384,0.9920766162892444,0.0374758897227609,0.11178410288155992,0.9964366920068572,1.078344148140483,0.0990422963844454,0.004699524671109384,0.8959976000000001,0.913906183196583,0.878089016803417,625,17310,17935,0.03484806244772791,0,0.03484806244772791
930,0.93,0.9971657142857143,0.03727100534449934,0.10216257118961328,0.9986868579900455,1.072221198156682,0.05001535687482663,0.004669879881828514,1.0013335785339044,0.037420981307386816,0.10245517070441537,1.0006883389493848,1.0767027726171015,0.0,0.004669879881828514,0.9929978500375243,0.037121029381611874,0.1021646867172262,0.9964012590581801,1.0677396236962626,0.10003071374965326,0.004669879881828514,0.8959976000000001,0.913906183196583,0.878089016803417,625,17310,17935,0.03484806244772791,0,0.03484806244772791
940,0.94,0.9976228571428571,0.036905423170431925,0.09256441913258193,0.9988986550884252,1.0613009118541035,0.051624944685707504,0.00464056230433813,1.0014407076479992,0.03704144602376172,0.09280738457095068,1.000867729270289,1.06536245494468,0.0,0.00464056230433813,0.9938050066377151,0.03676940031710212,0.09254129518531212,0.9962858749864726,1.0572393687635269,0.10324988937141501,0.00464056230433813,0.8959976000000001,0.913906183196583,0.878089016803417,625,17310,17935,0.03484806244772791,0,0.03484806244772791
950,0.95,0.99808,0.0365472683450277,0.08296626707555058,0.999110452186805,1.0506105263157894,0.05351953328805332,0.004611244726847747,1.0015119533288053,0.03666834531262076,0.0831583479693618,1.0010930140923604,1.0542231087671634,0.0,0.004611244726847747,0.9946480466711947,0.03642619137743464,0.08291915412152202,0.996150094731738,1.0469979438644155,0.10703906657610664,0.004611244726847747,0.8959976000000001,0.913906183196583,0.878089016803417,625,17310,17935,0.03484806244772791,0,0.03484806244772791
960,0.96,0.9985371428571429,0.03619631679782265,0.07336811501851923,0.9993222492851848,1.0401428571428573,0.055739969521670325,0.004581927149357364,1.0015334832760194,0.03630100072996885,0.0735075788707841,1.0013861287562154,1.043264045079187,0.0,0.004581927149357364,0.9955408024382664,0.03609163286567644,0.07329874555472078,0.9959910089196247,1.0370216692065275,0.11147993904334065,0.004581927149357364,0.8959976000000001,0.913906183196583,0.878089016803417,625,17310,17935,0.03484806244772791,0,0.03484806244772791
970,0.97,0.9989942857142857,0.03585235338172081,0.06376996296148789,0.9995340463835646,1.0298910162002946,0.05817861919413798,0.00455260957186698,1.0014792885802197,0.03593833887691591,0.0638541709151178,1.001783563191895,1.0324528748249688,0.0,0.00455260957186698,0.9965092828483517,0.035766367886525714,0.0636809758450081,0.9958163474821303,1.0273291575756203,0.11635723838827595,0.00455260957186698,0.8959976000000001,0.913906183196583,0.878089016803417,625,17310,17935,0.03484806244772791,0,0.03484806244772791
980,0.98,0.9994514285714285,0.03551517143316861,0.05417181090445654,0.9997458434819443,1.0198483965014575,0.059607188657026466,0.004523291994376596,1.001287144689138,0.035578086287307964,0.05419595569727971,1.002329113581953,1.0217215762134062,0.0,0.004523291994376596,0.9976157124537189,0.035452256579029263,0.054068013397467224,0.9957140586552055,1.017975216789509,0.11921437731405293,0.004523291994376596,0.8959976000000001,0.913906183196583,0.878089016803417,625,17310,17935,0.03484806244772791,0,0.03484806244772791
990,0.99,0.9999085714285715,0.035184572358089417,0.04457365884742519,0.9999576405803241,1.010008658008658,0.04205139552539979,0.004493974416886213,1.000658170767651,0.035210021047898485,0.04452251779926301,1.002382071698474,1.0107658290582333,0.0,0.004493974416886213,0.999158972089492,0.035159123668280355,0.04447027363010497,0.9969725529209383,1.0092514869590827,0.08410279105079958,0.004493974416886213,0.8959976000000001,0.913906183196583,0.878089016803417,625,17310,17935,0.03484806244772791,0,0.03484806244772791
1000,1.0,1.0,0.03484806244772791,0.03484806244772791,1.0026580647970114,1.0,0.029462770927491805,0.0044828679299613846,1.0,0.03484806244772791,0.03484806244772791,1.002990672537271,1.0,0.0,0.0044828679299613846,1.0,0.03484806244772791,0.03484806244772791,0.9978210866456471,1.0,0.05892554185498361,0.0044828679299613846,0.8959976000000001,0.913906183196583,0.878089016803417,625,17310,17935,0.03484806244772791,0,0.03484806244772791
